CONTROL_NUMBER,TARGET_B
122653,1
184239,1
5172,0
135377,1
62119,0
163194,0
159851,1
92024,1
93637,1
36893,0
22743,1
101337,0
22258,1
60184,1
51718,1
178919,0
189258,1
84678,1
43311,1
73682,0
28266,0
168633,0
38561,0
56912,0
141056,1
151575,1
118937,0
56321,1
190064,0
167580,1
148049,1
168259,0
167794,1
70301,0
15600,1
75515,0
79920,1
110814,0
159879,1
113106,0
153466,0
29334,0
55755,1
177009,1
107720,1
107413,0
132702,1
22262,0
35493,0
62426,1
98459,1
185687,0
80818,0
168507,0
58019,1
183816,0
153880,0
122716,0
187157,0
72667,1
55101,0
27041,1
107159,0
30861,1
19241,1
106382,1
80118,0
96589,1
100276,1
165838,1
120800,0
56451,0
87401,1
17882,0
135454,1
116262,0
71449,0
52768,1
155086,0
141582,0
36809,0
168599,1
71078,1
182955,0
29366,0
106235,0
123051,0
173688,1
145134,0
88662,0
93356,1
5478,0
133259,1
63021,1
69416,1
169198,0
160275,0
29722,1
25750,0
59808,1
16422,0
31685,0
96644,0
157665,1
69054,0
45856,0
18770,0
128870,1
83870,1
183868,1
126862,0
70062,0
53142,0
12147,1
30398,0
122466,0
145480,1
179673,1
68556,0
22038,0
143295,0
189649,0
19807,0
169179,1
82121,0
41222,0
98165,0
43095,0
12695,0
138173,0
148079,1
156457,0
99617,1
60764,0
44083,0
111886,0
27039,1
1902,0
187911,0
4254,0
154367,0
138999,1
91881,0
69477,0
13743,1
71186,0
103989,1
89922,1
69576,1
124322,1
139456,1
21720,1
24305,0
184075,1
139597,1
143008,0
1975,1
149896,1
181337,1
91421,1
12676,0
191125,1
165996,1
133315,0
106248,0
46415,1
36354,0
170939,1
62721,0
167488,1
68679,0
49408,0
58412,0
48506,1
191047,1
150172,0
94594,1
69149,1
121978,1
7300,0
3273,0
40006,1
17859,0
73754,1
143130,0
131229,1
123124,0
52222,0
132212,1
148636,0
17517,1
69235,1
100775,0
21170,1
26194,1
75247,1
65297,0
58891,1
186232,0
75609,1
16733,0
164704,0
18508,1
182890,1
25237,1
138925,1
124903,1
178290,0
80995,0
174956,1
93636,0
112889,1
119315,0
117186,1
135296,0
19068,1
36238,1
100543,0
11267,1
76470,0
183007,0
40383,0
316,0
128934,1
3931,1
53965,1
86666,0
66783,0
7245,0
146487,0
118312,1
47641,0
169700,0
78798,1
160938,1
4503,1
69297,1
187082,1
2393,1
112632,1
36228,1
168238,0
105306,0
75502,0
80236,1
166902,0
51835,0
132692,1
144694,0
81055,0
84199,0
143003,0
18345,1
148166,1
176701,1
80533,1
28381,0
64224,0
122594,0
146703,1
77011,1
13617,0
13027,0
54347,1
43884,0
119620,1
31183,1
160667,1
157295,0
12192,0
10347,0
73699,1
131954,0
44817,0
177556,1
122218,0
98793,0
154483,0
27271,0
34020,0
117595,0
11533,0
63858,1
100263,0
159014,0
83486,0
106271,0
114799,0
143405,0
61989,1
40154,1
80020,1
92817,0
191138,0
158849,0
28890,1
106517,0
138635,1
155763,0
170473,0
86351,0
186197,0
56762,1
177429,1
73881,0
158476,0
48806,0
174984,0
34853,1
24129,1
51269,1
142564,1
163465,1
156602,1
179928,0
56060,1
185338,1
20697,1
179794,0
149969,1
166600,0
79930,0
97736,1
130265,0
139478,0
90291,0
68808,1
145145,0
104467,1
157565,1
142288,0
92183,1
121019,1
79804,0
90483,1
12573,0
101090,0
155382,1
18177,0
182853,1
119686,0
38249,1
81105,0
185473,1
159588,1
164133,0
67808,1
139379,1
182144,0
71828,1
85207,0
114574,1
53924,0
21204,1
43537,0
79602,1
116232,0
42399,0
87182,0
84417,1
94201,0
44765,0
4739,0
74990,1
108602,0
159290,0
112023,0
105042,1
176825,0
24713,1
106530,1
36065,0
93534,1
19829,1
142917,1
166735,1
65013,1
181671,0
52761,0
183375,1
106389,1
31007,0
18921,0
62249,0
131188,1
165496,0
63292,0
88864,0
16450,0
21782,0
121478,1
180449,0
87037,0
164329,1
142579,0
86318,0
104848,1
60122,0
137667,0
147587,0
167899,1
132251,1
64938,1
139411,1
29875,1
34808,1
133955,0
72109,1
117008,0
3698,1
108166,0
138443,0
176965,0
174821,1
177017,1
163709,0
164505,1
171785,1
149033,1
61173,0
129672,1
144026,1
29070,1
126423,0
142514,0
19086,1
167202,0
159209,0
130254,1
67897,0
123184,1
1485,1
109759,1
8536,0
103979,1
177699,1
54308,0
102292,1
27987,1
72123,0
182519,1
116505,1
33429,1
139897,1
33444,1
166507,1
9866,1
94213,1
116267,0
220,0
2499,0
179021,1
100932,1
85550,1
83585,1
164551,1
185972,0
135343,0
77800,1
142203,0
38174,1
75179,1
189706,0
10491,1
93379,1
106330,1
77703,1
71523,1
52350,1
123972,0
27506,0
634,0
30067,1
35069,1
38098,0
120394,0
54369,1
63286,1
38777,1
22206,0
27532,0
144926,0
109028,0
168426,1
155555,0
149414,1
11907,0
54227,1
95762,1
12887,1
53557,1
18611,1
18664,1
107787,1
12394,0
179376,1
56367,1
168102,1
129155,1
23905,0
115269,1
182035,1
124530,0
28682,0
23657,1
17878,1
28040,1
45551,1
29124,0
103001,0
74819,0
112304,0
138758,0
56169,1
1635,0
149295,1
9358,0
45294,1
42898,0
50204,0
58318,0
143489,0
176221,1
84618,1
121744,1
85472,1
47420,1
13196,0
188999,0
164897,1
75910,1
47508,0
69607,1
1703,1
743,0
77458,0
157536,0
88361,0
124271,1
108397,1
149470,0
125503,0
163323,1
113951,0
94524,1
163697,0
143565,0
133295,0
84213,1
28946,0
165746,0
157398,1
148396,1
69411,0
31163,0
158843,1
95151,0
126329,1
154245,0
40012,1
112101,0
110257,0
113264,1
65635,0
145885,1
174267,1
2797,1
126921,1
40388,1
80143,1
96814,1
145026,1
125986,0
104533,1
151452,0
141266,0
129185,0
139914,0
153855,1
22416,0
48674,1
28668,0
136365,0
78951,0
75153,1
55282,0
51424,1
122256,1
15704,1
147320,0
26766,1
150067,0
189797,1
83060,1
6985,1
188284,1
9045,1
30546,1
188980,0
103775,0
77896,0
116588,1
164733,0
60897,0
61220,0
7492,1
41297,1
29141,1
120783,0
101554,0
11094,1
41901,0
52759,0
38692,0
141243,1
135983,0
21135,0
9650,1
148737,0
189611,1
176157,0
43397,0
173462,1
22438,0
44582,0
117970,1
139030,0
181203,1
53329,0
34863,1
16344,1
174576,1
131298,1
152104,0
101614,1
24975,0
174806,1
101263,1
174271,0
146036,0
32330,1
50122,1
34697,1
95802,1
49318,1
110581,0
183722,0
128792,1
66797,1
53091,1
65578,0
25792,0
128361,0
154274,0
135571,0
56733,0
7991,0
46435,1
77862,0
161463,1
136271,0
153864,1
88771,0
129200,0
108650,0
7637,1
131394,0
150421,1
162533,0
124624,1
28676,1
60248,0
116526,0
148025,0
157307,1
178715,1
53340,0
118831,0
160231,1
84101,0
94289,0
166475,0
134114,0
173508,1
3122,1
24869,0
70532,0
111210,1
32791,0
727,1
28746,1
175700,1
67621,0
187168,0
172332,0
154571,0
24204,1
151192,0
16574,0
36673,1
141666,1
44888,1
44989,0
114401,0
16723,0
17255,1
75416,0
32753,1
127313,1
52903,0
105083,1
187289,1
82848,1
176120,1
102742,0
37401,1
79180,1
138944,1
24310,1
135230,1
187638,0
19812,0
172171,1
53764,0
105415,0
55403,1
149319,0
28432,1
85329,1
29936,1
182883,0
36353,1
106053,1
52224,1
78594,0
24281,0
162087,0
172938,1
24386,1
151054,0
21624,1
57072,1
156233,1
113064,0
13269,0
91163,0
96169,1
156568,1
130658,1
133236,0
61078,0
38997,0
151738,0
167755,1
166270,1
86578,0
150933,0
28124,0
97100,1
66127,1
93883,1
136708,0
38036,0
123055,1
13999,0
172512,1
133564,1
129541,0
100218,0
8684,0
114613,0
130042,0
70117,1
7330,0
177837,1
65650,1
17217,1
82628,0
696,1
142479,0
145895,1
86235,1
36776,1
13082,1
93195,1
89680,0
156485,0
139399,1
142047,0
7178,0
35720,1
75461,0
83490,1
58203,0
88410,1
167054,1
127878,1
33769,0
152497,1
101004,0
32210,1
37833,1
182743,0
74706,0
147726,0
45971,1
78978,0
80036,1
144076,0
127823,0
124979,0
69266,0
12597,0
139772,1
109986,1
14770,1
22622,0
122353,0
181001,1
18568,1
31065,1
83908,1
170804,1
97295,1
186060,1
154374,1
51844,0
146649,0
66564,0
174249,1
121424,1
30934,1
167799,1
73301,1
124485,1
170649,0
120461,0
146585,1
24529,0
181698,0
93537,1
63507,1
146395,0
96548,0
5583,0
165965,0
78612,1
61298,0
4513,1
183275,1
159821,1
151560,1
53715,0
190626,1
47106,1
32694,0
161980,0
77708,0
31416,0
149516,0
58786,0
122823,0
53013,0
175951,1
49925,0
119615,1
17440,1
86658,0
45116,0
146241,0
77495,1
151122,1
111380,1
62966,0
96108,0
12616,0
109709,1
63290,0
175902,0
30804,0
99544,0
110094,1
154851,0
107472,1
43235,1
186170,1
102022,0
188835,0
60401,0
179563,0
185775,0
114531,0
41448,1
179358,0
183972,1
55726,0
101110,0
42515,0
140012,0
191516,0
79086,1
183849,1
4657,1
4594,1
57993,1
44248,1
140331,1
107316,0
94369,1
10800,0
427,0
159750,1
73399,0
19817,0
173443,0
46419,1
172475,1
22782,1
182397,0
39632,0
661,1
26587,0
13424,1
186882,0
37785,0
42574,1
153238,1
119159,1
69583,0
65740,0
154181,0
88222,0
81319,0
183993,1
176878,0
124554,1
142487,0
154315,1
177093,1
172031,0
7265,1
170714,1
58560,0
24277,0
58156,1
8518,1
150732,1
121971,1
117483,1
181167,0
20583,1
70814,0
84248,1
133534,0
39881,0
177543,1
59648,1
76711,0
147913,1
61711,1
63267,1
39257,1
166416,0
103448,0
157988,1
132636,0
152318,1
50276,0
88055,0
92264,1
40943,0
78588,0
95301,0
44406,1
80993,0
80856,1
167838,0
155541,0
181799,0
36530,0
107486,0
150081,0
187274,1
135239,0
120197,1
171143,0
80437,0
109451,0
182459,0
183374,0
189882,0
92525,1
186293,1
88627,0
94218,0
159130,0
71938,0
63000,1
72851,1
102099,0
12965,0
30331,1
186793,0
141179,1
96556,0
171396,0
170067,0
61026,1
102134,1
89528,1
176661,1
167579,1
3615,1
58499,1
80999,1
75668,1
114162,0
54905,1
69086,1
82447,0
190477,0
102207,1
81404,1
14279,1
58597,0
140084,0
164727,0
28337,1
90967,0
189554,0
73381,1
169540,0
147260,1
13249,0
83708,1
150822,0
164923,0
161759,1
164032,0
8938,1
105383,1
108087,0
73928,0
135785,1
59994,1
23270,1
99774,1
22106,0
80797,1
93993,1
5424,0
147406,0
58150,1
168492,0
113797,0
95590,0
40105,1
38685,0
185934,0
21657,1
111488,0
160292,1
104534,0
13890,1
64899,0
190614,0
47610,1
27310,0
70479,0
7082,1
21855,0
178009,0
47111,0
11833,0
162910,1
9874,0
78116,1
151955,1
151854,0
59304,0
66225,0
14873,0
162650,0
78377,1
20752,1
23932,0
132179,1
10031,0
102497,0
98113,0
169048,1
80227,1
46657,1
85804,0
162342,0
110476,0
80256,0
2233,0
4052,1
90990,0
140181,0
100640,1
121026,0
11180,0
1722,0
96417,1
36187,0
123466,1
148699,0
159533,0
57643,0
181007,0
104755,0
150144,1
4726,1
157529,1
177636,0
1909,0
29663,1
113315,1
139470,0
185460,0
72682,0
48567,1
107815,0
147936,1
79108,0
53572,1
64906,0
179309,0
26680,1
161931,0
30903,1
5610,1
44431,1
88690,0
48006,0
25428,0
104541,1
179655,0
175731,1
16774,1
1985,1
108698,1
98921,1
86042,0
81463,1
21132,1
24387,0
53286,1
166029,0
169221,0
110203,0
184098,1
106737,0
96998,1
20551,0
137671,0
6232,1
48497,0
75790,0
148740,1
67988,0
257,1
123667,0
76626,0
56040,1
105815,0
72585,1
133310,1
151150,1
38946,1
182439,1
122735,1
18586,0
83128,0
172956,1
42884,1
163304,1
188896,1
90000,0
74810,1
171358,1
118890,0
140134,1
176782,1
185053,0
54971,0
134920,1
126513,0
95071,0
141834,0
109462,1
118099,0
75238,0
143496,1
106965,1
90842,0
23732,0
134637,1
102971,0
109194,1
67159,1
84100,1
158822,0
98248,1
30779,1
86891,1
31017,0
14981,1
142421,0
163949,0
54762,0
11062,1
114263,1
154464,1
137178,1
149595,0
172730,0
30051,0
141276,1
137998,1
155567,0
127707,1
35300,0
175253,1
142783,1
174693,0
82594,1
76268,1
66187,0
1962,1
140698,0
6050,1
2451,1
37065,1
159458,0
187686,1
21463,0
47709,1
61275,1
141315,0
24330,1
191524,1
77751,0
77279,0
147649,0
124545,1
87217,0
153623,1
123266,1
54553,0
54859,0
95261,1
118748,1
122711,1
177719,0
183370,1
152181,0
161237,0
69819,0
148840,0
74782,1
12900,0
27753,1
161093,0
23022,1
49055,0
45377,0
160930,0
56441,1
55138,0
98249,0
142582,1
112750,0
52415,1
187380,0
17384,1
126563,1
145724,0
22645,1
46422,1
187755,1
179444,1
164160,0
5291,0
15979,0
106887,0
120665,0
162945,1
16011,0
23436,0
66257,1
84373,0
52132,1
189237,1
675,1
106285,0
25357,0
129578,1
98901,1
41477,1
99986,1
108583,1
30898,0
116757,0
99201,0
119355,0
3965,1
174659,1
36963,0
167748,0
140377,0
138841,0
162392,1
182679,1
186146,0
140958,1
132907,0
4300,1
14831,0
32841,0
90532,0
88363,1
79725,0
130888,1
41357,1
183372,0
54775,1
124729,1
1920,0
35947,1
125552,0
118905,0
145838,0
93310,0
23934,1
8438,0
182840,0
71198,1
180787,1
162341,1
20189,0
17567,1
56779,1
181611,0
172232,1
149622,0
96014,0
45206,1
141551,0
11971,1
57755,0
62115,0
169603,1
162140,0
171214,1
6054,0
168188,1
73079,0
20704,1
189465,1
59354,0
20188,1
22161,0
29418,0
3070,1
73740,1
186764,0
181438,0
99890,1
3412,0
127796,1
12547,1
166278,1
175155,1
10553,1
41463,0
186530,0
155091,0
124189,1
20641,1
104687,0
17532,1
14501,0
119356,1
75425,1
130357,0
162497,0
14621,1
60922,0
45201,1
48274,1
142163,0
62288,0
44419,0
60337,1
46136,1
88508,0
184615,1
134553,1
161856,1
32975,1
84024,1
76437,0
144859,0
176740,0
121638,0
130764,0
20881,1
140577,1
141891,1
111983,0
98448,0
106425,1
133314,1
138277,0
111017,0
7494,1
28164,1
10952,1
2931,1
112118,1
101385,0
111295,0
38857,1
3651,0
40520,1
54041,0
112594,1
105412,1
91223,1
184056,0
27597,0
57349,1
10907,1
123938,1
39665,1
22046,1
150639,0
171365,1
108158,1
109235,1
184406,0
18019,1
116653,1
187968,0
50200,1
132917,0
49223,1
147469,1
85966,1
57407,0
117673,0
60512,0
24016,1
47827,1
185467,0
176931,0
14615,0
149538,1
137540,1
148015,0
155224,0
143213,1
106424,0
59699,0
140625,0
131971,0
137529,1
114322,1
43119,0
12201,0
99219,0
69834,0
84276,0
64188,1
189018,0
8951,1
37250,1
178981,1
70819,0
163168,1
136011,0
48234,0
114676,1
183839,0
100287,0
162340,0
152299,1
34917,1
38105,1
11719,0
151819,1
13640,0
42033,0
136299,1
143292,0
7452,1
85931,1
102694,1
146339,0
50220,1
70366,1
137253,1
82446,0
133161,0
69745,0
174470,0
76105,0
79850,0
97937,0
36792,1
27070,0
153941,0
182356,0
128235,0
120249,0
73053,1
185517,1
58075,1
79389,1
154027,1
63135,0
158679,0
184655,1
172128,0
93572,0
127879,0
154859,0
175226,1
153445,1
21838,1
159482,1
2678,1
170825,1
24212,0
177087,0
109225,0
174948,1
144110,0
90566,1
171979,0
35538,0
33115,1
62281,1
43409,0
132735,1
130369,1
15256,1
105436,1
43100,1
24121,1
166606,1
63380,0
23234,1
15780,1
36587,0
188164,0
50027,1
20347,1
4463,1
5496,1
88838,0
6777,0
178122,1
23839,0
92052,1
98335,0
5003,1
158169,1
139887,0
174373,1
132660,1
142187,0
28610,1
63383,1
125599,0
23506,0
178237,0
104614,1
122506,1
7485,0
135413,0
5759,0
85457,1
75481,1
173948,1
130160,0
115034,1
145231,0
109005,0
7590,1
78199,1
124768,1
186993,0
174551,0
56470,1
177894,1
91964,1
38181,0
130734,1
101098,1
123699,1
151973,1
27659,1
20083,0
90057,0
66209,0
36139,1
27504,1
24132,1
121803,1
103174,1
26251,1
20245,0
57195,1
79032,0
99543,1
56795,1
73873,0
164513,1
60610,0
33192,1
84886,1
82698,0
4393,0
142359,0
26206,0
177937,0
53863,0
135900,1
135722,1
154301,0
30371,1
52804,1
157318,0
122988,1
87229,1
113254,0
14916,1
63951,0
21341,1
176092,1
82981,0
37221,0
17006,1
104598,1
165508,1
98565,0
175198,0
62136,1
186731,1
646,1
104401,0
139220,0
79085,0
56831,0
74780,1
1709,0
134619,1
52196,1
31073,1
183528,1
136349,1
187169,1
74277,0
110951,0
71279,0
1431,0
104969,1
161374,1
171655,0
93025,1
136747,1
180408,1
71153,1
103144,1
187543,1
19686,0
181124,0
116325,1
188396,1
67368,0
97221,0
96003,1
77848,1
188645,0
191007,0
32278,1
44442,1
1505,0
64727,1
107040,1
113879,0
176188,1
167720,0
99484,1
82610,0
93602,1
2491,0
86665,0
130507,0
146106,0
42024,0
83806,0
156876,1
105275,0
145392,0
168696,1
78179,1
82050,1
178423,1
160869,1
76578,0
190615,1
15467,1
52230,0
175112,0
47617,0
168393,0
147206,1
36714,1
92500,1
53327,0
58145,1
177990,0
161849,1
134005,0
114721,1
35298,0
182115,1
99382,0
7118,1
21305,0
66569,0
53384,0
19097,1
68088,0
137870,0
67496,1
7080,0
74436,1
12011,0
9576,1
167093,1
49984,1
39496,0
163758,1
117464,1
47914,0
17093,0
59862,1
156821,0
28061,1
124980,1
147162,1
191779,0
88145,1
111419,1
140461,1
179716,1
71376,0
64083,1
189264,0
189958,1
2749,0
110755,1
106455,0
898,0
150158,0
56398,1
121869,1
57705,0
165857,1
177053,1
119576,1
29483,1
58269,1
118673,1
7676,1
148991,0
73954,1
102361,0
127178,0
21739,0
37764,0
165066,1
13030,1
105300,0
67906,1
21933,1
111603,0
170317,1
92981,1
120972,1
148412,1
187251,1
118527,0
9049,1
13551,0
96813,0
170849,0
154839,0
45666,1
176261,1
89856,0
189631,1
176637,0
74737,0
92787,1
146869,1
124785,0
175520,0
52847,0
130262,0
19495,1
105616,1
178519,1
173953,0
84745,0
147692,0
85487,1
181761,0
186929,1
19440,0
82770,0
83279,0
4755,1
84210,1
128565,0
84961,1
126945,0
171788,0
101855,0
76150,1
92058,1
68022,1
131100,0
38743,1
4200,0
118554,0
47404,0
51469,0
142470,1
119190,1
52476,1
92508,0
187298,0
117825,1
140304,0
110538,0
108781,1
173616,1
68270,0
102016,0
138991,1
147820,0
58043,1
12655,1
11921,1
26878,1
120639,0
188727,0
138000,0
87508,1
20751,1
157036,0
93759,1
44500,1
142321,1
67077,0
33314,0
50614,0
134881,0
182279,1
151546,0
104705,0
68441,0
109502,0
53281,0
5953,0
37528,0
7402,0
114694,0
100550,0
141742,0
116062,1
110547,1
139420,0
9816,0
102741,1
57613,1
36710,0
151768,0
76612,0
148351,1
111219,0
91835,0
110706,0
162209,1
99898,1
36528,1
17761,1
544,0
127034,0
119383,1
6064,1
111545,0
179249,1
110774,0
95938,1
25106,1
114579,0
45368,0
49276,0
47869,0
78180,0
76128,1
172095,0
111732,1
88807,0
172018,1
177516,0
83668,1
71132,0
133059,0
152287,1
105296,1
166546,1
164961,1
33525,0
126994,1
182608,1
45532,1
42419,0
18543,1
117639,1
88588,1
182286,0
173232,1
119156,0
163783,0
134773,0
102181,0
31217,1
56124,0
43066,1
130568,1
86804,1
2510,0
31400,1
92348,1
181408,0
86818,0
115431,1
168603,1
85113,1
80035,0
170860,0
54959,0
89686,0
91134,1
72409,0
16126,0
153521,1
151614,0
45605,1
26272,0
43788,0
190412,0
151995,0
186880,1
51149,0
28849,0
109449,0
140662,0
114598,1
140688,1
55091,1
118401,1
83073,0
145855,1
121193,0
186240,1
164188,1
110519,0
137695,0
8305,0
162494,0
48822,1
111708,0
155149,0
136025,1
153185,0
44940,1
78707,0
157108,1
106958,0
157518,1
43595,0
104039,1
131106,1
91987,0
148852,1
71639,1
101511,0
46474,0
64844,1
146827,0
124384,0
49444,1
81985,0
36371,1
183399,0
59999,0
92861,1
83131,0
150844,1
75537,1
107204,1
108919,1
149285,0
17363,0
186472,0
178618,1
11395,0
105768,1
11143,1
124251,1
124787,0
88848,0
174991,0
132336,1
191418,1
40055,0
101689,1
153175,1
142830,0
28406,1
47276,0
108050,1
72139,1
58835,1
10248,0
171328,1
168234,0
54035,0
98873,0
52825,1
149741,0
94547,0
190018,1
2194,0
112319,1
43706,1
35839,0
66013,0
125289,1
99255,0
72875,0
182803,0
46170,1
158866,0
88954,1
17021,1
169437,1
168956,0
97641,0
161753,0
20015,1
152376,1
106686,0
188812,0
133822,0
161218,1
57057,0
77650,1
76704,1
182314,0
109208,1
49256,0
167733,0
113775,1
90092,0
5681,0
162373,0
177640,1
135675,0
165556,0
156572,1
111906,0
55341,1
16657,1
24123,0
108918,1
10399,0
34120,0
65322,1
24667,1
151484,1
3312,1
54696,1
158213,0
32282,1
34719,0
151332,1
70165,1
62613,1
147634,1
155259,0
183081,1
67102,0
102896,0
82479,1
41288,1
98376,1
11115,0
116253,0
173559,1
25020,0
125147,0
21484,0
112479,0
10614,1
11952,1
177421,0
71388,1
121292,1
70566,1
98447,1
41065,0
190671,0
141505,1
99561,0
92121,1
139857,0
21297,0
187855,1
3769,0
190313,0
116525,0
185505,0
152714,1
124531,1
31156,0
54795,0
13574,0
149848,0
92135,1
182105,1
100981,0
190730,0
136597,1
130969,1
4390,0
126987,1
14233,0
46223,0
170123,1
94486,0
171528,0
15277,0
60176,0
187712,1
25759,1
110189,1
183564,0
119345,0
41022,0
2950,1
132822,0
26475,1
65557,1
77157,0
163233,0
90108,0
27332,0
45878,1
105641,1
136790,0
6170,0
75105,0
112172,0
107327,0
187748,0
24396,0
137279,1
156344,0
142171,1
166101,1
47821,0
116309,0
75613,0
36518,0
115341,0
112182,1
178085,1
96314,0
137680,1
33731,1
70484,1
186989,0
21969,1
126553,1
6009,1
47251,0
74825,1
75019,0
171445,0
131468,0
43532,1
178179,0
131423,1
83933,1
165990,0
77,0
65239,0
107170,1
120790,0
45798,1
34849,0
118186,0
149773,1
125444,1
101553,0
153871,0
125401,1
167357,1
158503,1
111203,0
157104,1
156428,1
64248,1
174908,0
16906,1
90601,1
78643,0
1092,1
190778,0
81173,1
44605,1
54794,1
123669,0
96505,0
165283,0
116968,1
7804,0
156734,1
142895,1
65634,0
152754,1
37581,1
177119,1
147316,0
64113,0
161733,0
75152,1
182993,0
121890,0
37117,1
186501,0
26712,0
93361,0
152784,1
29010,0
137510,1
123146,1
156505,0
172638,0
72304,0
54942,1
29236,1
119474,1
92328,1
114339,0
133038,0
131921,1
123109,0
149138,1
56863,0
98390,1
80378,1
112535,0
54142,1
98317,0
162867,0
117271,0
99308,0
172005,0
34319,0
59584,0
107684,1
143501,0
163352,0
189806,0
124143,1
8013,0
13655,0
2846,0
56423,1
151504,1
119974,0
71342,1
183207,0
49960,1
168228,1
111485,0
170215,0
53389,0
121070,1
41643,0
62311,0
14259,0
138484,0
176032,0
79080,1
118639,1
74043,1
138378,0
89734,1
120658,1
172033,0
67,0
55837,0
90070,1
79757,0
72850,0
68981,1
35660,1
81355,1
89683,0
132272,0
64975,0
88405,1
9561,0
43753,0
4767,0
58117,0
61975,0
136313,1
184175,1
152412,1
65513,0
109436,1
28988,1
79527,1
189188,0
57462,0
166261,1
64874,0
162547,0
113426,1
43647,0
150040,0
12737,0
97227,0
3691,1
103468,0
21869,1
119402,0
184395,0
2058,0
137072,1
131832,1
114127,0
56773,1
27824,1
59696,1
7592,0
119149,1
51133,1
178689,1
103178,1
23211,0
163356,0
49059,0
14268,0
153499,1
148523,0
115611,1
140742,1
50203,1
67044,0
6348,1
85567,1
115289,0
97879,1
44922,1
182385,0
99697,1
6615,0
65454,0
86478,0
79532,1
5492,1
104605,0
156112,0
15066,0
150036,0
37028,0
142009,0
141593,0
24663,1
117279,1
39306,1
180342,0
89696,1
66440,1
5592,1
174286,0
28909,1
144670,0
121446,1
125180,1
135809,1
51846,0
1928,1
133049,0
175782,0
70195,0
26887,1
152617,1
22458,0
50899,0
157311,0
88822,0
65689,1
26378,0
132517,1
9455,1
116131,0
186817,0
77534,1
112920,0
102521,0
21034,0
34718,0
68297,0
118564,1
94884,0
167763,1
7173,1
146462,0
117103,0
169465,1
78316,0
190553,1
115766,0
165366,0
62482,1
143223,1
2964,0
32390,0
57052,0
69893,0
17145,0
59468,0
168368,1
122944,0
123604,1
138977,0
64776,1
124484,1
10434,0
170448,0
71579,0
113144,0
64161,0
151702,0
93609,0
164989,1
163660,1
124920,1
184913,1
46129,1
150838,1
50230,1
70061,1
161514,0
85759,1
39174,0
46409,0
180258,0
117813,1
111597,1
27835,1
153353,0
75422,0
109176,0
151596,0
10319,0
129225,0
68657,0
139141,1
166787,1
26607,0
124944,0
189705,1
163018,1
38327,0
77918,1
172088,1
165819,1
76632,1
81694,1
46844,0
112387,0
102090,1
148328,0
63813,1
8736,1
159777,1
43769,1
44900,1
148841,1
87490,0
154067,0
41103,0
155381,1
110308,0
33183,0
13434,0
85242,1
70976,1
144766,1
88017,1
171385,1
182908,1
25690,1
81695,0
37268,1
171989,0
165422,1
8084,0
43562,1
78669,0
77630,0
43974,1
37709,1
187701,1
34592,1
14552,1
18511,0
71172,0
175996,0
57593,1
21003,0
39612,1
140489,0
34437,0
29205,1
144676,1
138889,1
170563,1
63572,0
54127,0
114747,0
86466,0
56609,1
92200,1
114145,1
43634,1
101938,0
176296,0
142790,1
92664,1
115186,0
82212,1
161625,1
144963,1
57119,1
85941,1
185983,1
126299,1
89195,1
185540,0
127921,0
67039,0
181140,0
41537,1
105268,1
48277,0
104709,0
616,0
51441,0
92474,1
56339,0
162259,1
34957,0
46274,0
53268,0
162849,1
20612,1
114575,0
20759,0
30047,0
3660,0
36457,0
167401,1
35363,0
99338,0
12005,1
81483,1
117298,1
144399,0
62056,0
66701,1
63186,1
121310,1
64015,1
25635,0
48003,0
21335,0
14272,1
154799,0
51022,0
183935,1
158977,0
62827,0
4804,1
43020,0
140001,1
122348,1
163289,1
63430,1
43013,0
82407,0
186251,0
88047,0
101116,1
170219,0
70835,0
17235,0
184486,1
46541,1
52938,0
145809,1
135552,0
19652,1
165378,1
86000,0
156179,1
107951,0
182324,1
57419,1
96140,1
152723,1
62133,0
68222,0
85853,1
76609,0
176053,1
88359,0
154055,1
74910,0
39050,1
62279,0
18428,1
17503,1
172635,1
140523,0
62687,0
79764,0
178968,1
70039,0
67890,0
75801,0
139059,0
32552,0
115585,1
108197,0
110799,1
177076,0
40576,0
72975,0
20865,1
77486,0
185052,1
27640,0
54085,1
5272,1
19301,1
112483,0
49195,0
66300,1
2853,1
86323,0
135336,0
25734,0
87485,0
50144,0
127759,1
189199,1
127399,1
165109,0
158082,1
20593,1
65512,0
106300,0
120756,0
71028,0
36008,1
153427,1
141159,0
4590,1
124128,1
93242,1
61776,0
35419,0
177458,0
123478,1
184696,0
57488,1
10631,1
55160,0
117179,1
123822,1
137845,1
23640,1
123088,1
75125,1
76540,0
159922,0
167495,0
27108,1
109520,0
158355,0
111236,0
174428,1
157100,1
97596,0
92254,0
3099,1
54849,0
137017,0
150802,0
28596,1
20029,0
33922,1
1731,1
98180,1
171700,0
60615,1
153725,1
183096,0
105718,0
85059,1
18584,0
187121,1
162958,0
163267,0
55621,1
102079,1
77252,0
5420,1
90120,1
22170,1
149499,1
42713,0
1863,0
65181,0
89210,1
109292,0
66006,1
125230,0
57492,0
180280,1
183244,1
178456,1
162762,0
182469,0
15737,0
61616,0
111281,1
10719,0
56674,1
88162,1
156959,0
113830,1
12220,0
156929,0
154511,0
54121,0
189494,1
101498,1
139316,1
145060,0
157657,1
190355,0
161464,1
105608,1
49049,1
29501,1
157510,1
187343,0
82065,1
78455,0
78841,1
152708,0
37593,0
177861,1
59167,1
99761,1
146271,1
40516,0
88353,0
148520,0
88417,1
106877,1
70803,1
37603,0
156954,1
28045,1
160178,1
55484,1
131419,1
170169,1
121909,0
162055,0
187906,0
107321,1
185937,1
38472,1
150595,0
38581,1
187696,1
175248,1
157754,0
172802,0
3550,0
17881,1
181860,1
12621,0
159640,1
188225,0
56834,0
80774,0
7900,1
72204,1
41275,1
64444,1
55209,0
150839,1
35205,0
134012,1
75158,0
19363,0
7169,1
156559,0
167418,0
125086,1
118574,1
177329,0
29047,0
11561,0
134216,0
143998,1
125913,0
37427,0
131087,1
27002,0
108475,0
11254,0
26410,0
157204,0
117953,1
80325,1
41936,0
67422,1
77430,0
137971,1
179751,0
161627,1
184277,1
16837,0
142432,0
150076,0
173165,1
78030,0
68352,0
5604,1
8384,0
155478,1
41834,0
6599,1
149413,0
101856,0
80216,1
112375,0
83446,1
78994,1
143095,0
68274,1
62742,1
74707,0
127963,0
41488,1
92338,0
42878,1
100789,0
181460,0
97191,0
67013,0
129284,0
171512,0
76996,1
88196,0
168422,1
53158,0
63793,0
108156,1
137551,1
103111,0
157709,0
32634,1
144050,1
48522,1
151491,0
81823,0
115956,0
97829,0
34098,1
103856,1
100265,1
79774,1
95386,0
101302,0
135438,0
31616,0
176529,1
140674,0
113629,0
45680,0
44269,0
74276,1
23659,0
166031,0
185440,0
181476,0
74958,1
72153,0
188804,1
185925,1
35550,1
17478,1
75911,0
34883,1
36480,0
36034,0
67389,0
55870,1
1959,1
98008,0
87584,0
61908,1
104843,0
184092,1
164289,0
61808,0
152527,1
62084,1
159180,0
62374,1
139924,0
188721,0
81806,1
70504,1
97416,1
106583,0
80812,1
14468,0
42931,1
158816,1
24610,0
113071,1
89954,0
180501,0
116420,1
174426,1
152986,0
105331,1
139628,0
89586,0
175890,0
86713,0
130084,1
109624,0
79528,1
55482,1
80362,1
69963,1
56318,0
154127,1
14064,0
94205,1
70335,0
128807,1
20012,1
184221,1
9535,1
50307,1
75777,1
79361,0
88489,1
62624,1
164354,1
17060,1
9230,0
140456,1
144673,0
177151,1
153528,0
185780,1
7301,1
86353,0
19608,0
95806,1
112633,0
56599,1
14984,0
114913,1
28854,0
92864,1
147119,0
31887,0
104259,1
178563,0
63113,0
85777,0
143518,1
14591,1
63457,0
52481,0
26675,1
47180,0
179555,0
98355,1
119080,1
179225,1
23039,1
114109,1
52307,1
24576,1
182697,0
172866,1
128194,1
41905,1
153853,0
62506,1
96481,0
138945,1
7127,1
122295,0
137424,0
80301,1
117054,1
191649,1
1030,0
185305,0
91242,0
35264,1
116715,1
44788,0
187611,1
165060,0
99722,1
141992,0
91715,1
163369,0
74201,1
143351,1
189251,0
163144,0
10489,1
89546,1
88198,0
162352,0
61039,1
179644,1
75992,1
169350,0
16785,0
128943,0
179359,1
140217,1
61492,0
113984,1
116290,0
25817,0
113511,0
183987,1
9605,0
35751,0
43983,0
92777,1
119868,0
88003,1
26052,1
185689,0
173300,1
141786,1
130936,1
166137,0
86192,1
113710,1
67397,0
133430,0
160610,0
173080,1
129389,1
77051,0
122856,1
53763,1
187501,1
22749,0
26045,1
171570,1
16136,0
24659,1
98672,0
136297,1
181296,1
39570,0
41322,1
108263,0
116814,0
99647,0
173933,1
107510,0
27673,0
188078,1
25073,1
176695,1
186680,0
139485,0
150072,1
27638,0
118678,1
24566,1
68962,1
126035,0
69122,0
82026,0
64212,1
36576,0
31039,1
128015,0
140119,1
59880,1
48600,0
16544,1
14982,1
45922,0
172704,0
128685,0
188365,1
170057,0
24671,1
160692,0
168022,0
6525,0
2340,0
83536,1
115091,1
150292,0
36512,1
80300,1
58973,0
184001,0
160598,1
40585,0
177469,1
87407,0
147768,1
136990,0
189309,0
53261,1
134041,0
58750,1
70277,0
87695,0
86385,0
76770,0
141814,1
169106,0
183240,1
20020,1
40748,0
74472,1
150750,1
89326,0
117524,1
127028,0
4003,0
52012,1
74701,0
86436,1
60828,0
127893,1
152816,1
119209,0
148883,1
138953,1
159591,1
86420,1
20488,0
189346,1
120115,1
30472,1
178355,0
112564,0
171702,1
143167,1
171660,0
67342,0
152898,1
133640,1
28438,0
109196,1
163081,0
161393,1
99156,0
134833,0
143470,1
129041,1
86640,0
30651,0
120463,1
141475,1
120479,0
23520,0
126066,1
185817,1
125633,0
33725,0
12330,0
37519,1
127856,0
72679,1
123210,0
62063,1
40223,0
119283,1
112778,0
170889,0
16277,1
150548,1
144974,1
180305,1
33524,0
55752,0
153378,1
132031,1
126924,1
149162,0
10294,0
39761,1
70098,1
115407,1
146098,0
81789,1
44326,0
24008,0
133481,1
137716,1
50882,1
53625,0
75408,0
167265,1
36588,1
118576,0
178512,0
43492,1
51751,0
148814,0
32040,0
116372,0
118190,1
110068,0
188260,1
103920,1
170402,0
27883,1
167396,1
46153,0
108290,0
151958,1
9390,0
43549,0
105459,0
22169,1
59292,1
12846,1
81710,1
126029,0
168586,0
136154,1
154976,0
98962,0
149227,0
100094,1
138966,0
112959,0
119243,0
76882,1
118362,1
159316,0
48486,0
187020,0
8207,0
114662,0
4760,0
100324,1
131404,1
105954,0
41588,1
105451,1
178692,1
21659,0
18091,0
129598,1
65596,0
141911,1
54837,0
164486,0
76651,0
84196,1
97537,1
117877,0
55023,1
127143,0
57963,0
139825,1
126838,0
286,1
130741,1
1350,0
146198,0
53853,0
55756,1
188824,1
65073,0
80686,1
152092,0
160209,0
89409,1
106850,1
105409,0
29552,1
66579,1
33673,1
107298,1
67595,0
128599,1
72972,0
126146,1
187707,1
52036,0
71455,1
160369,0
188494,0
156866,0
42688,0
50688,0
7634,1
184269,0
128024,0
161589,0
41764,0
182130,1
70469,0
131189,0
76712,1
121879,0
99228,0
129105,0
153460,0
167938,0
30829,0
130608,1
176088,1
161559,1
73513,1
90314,0
19855,1
102665,1
153389,1
75695,0
13229,0
147167,1
85309,1
115729,0
73866,0
151497,1
183293,1
61144,0
68560,1
62417,0
89478,0
103872,1
82850,1
124826,1
103077,1
113455,1
58728,1
24020,1
109873,0
122350,1
159911,0
26956,1
132194,0
85658,1
142957,0
172863,0
155749,1
158494,1
156784,0
41078,1
107644,1
92962,0
24321,1
29030,1
127543,1
67475,0
169857,0
38,1
52091,1
167504,0
150687,0
52134,1
36755,1
148981,1
1927,1
136181,0
167826,1
23614,0
70679,1
137962,1
40234,0
68672,1
8823,1
32230,1
91591,0
37909,1
129453,0
90379,0
157251,1
96265,0
160239,0
33911,0
39770,0
57107,1
39808,1
172314,1
34448,1
19920,1
52244,0
70016,0
174974,0
82701,0
12652,0
90680,0
73130,0
69889,1
66296,0
16813,1
7646,1
64590,1
179745,0
17444,0
36094,0
3012,1
163178,1
18657,1
181029,1
86255,1
132394,1
146208,0
19314,0
160196,1
24172,0
19020,1
142688,1
79326,1
115052,1
28286,0
113845,1
184964,0
83681,1
185915,0
65697,1
117034,0
11991,1
25362,1
145088,1
99310,1
37464,1
28705,1
128435,0
113509,1
189723,1
24019,1
43952,0
83376,1
85038,0
6755,0
142778,0
52776,1
136917,1
21769,0
96851,1
81879,1
54850,0
55117,1
153647,0
170567,1
143592,0
161969,0
148215,1
35581,1
92065,1
20763,1
62202,0
159826,0
96977,0
165705,0
122311,1
56787,1
31997,1
171626,1
68456,1
187820,0
82995,1
29760,0
111138,0
132157,1
107816,0
143535,0
170768,1
18897,0
706,0
172220,0
70436,0
363,0
178540,1
107944,1
88002,0
10666,0
127504,1
1371,1
178190,0
181800,0
49033,1
62265,0
159178,0
35055,0
81289,1
92145,0
1628,1
83656,0
83564,1
155851,1
152847,0
184404,0
131434,0
69137,0
86097,1
121536,1
82866,0
150377,1
131729,1
44739,1
10467,0
89581,1
21339,1
35641,0
99549,0
9443,1
125453,0
162271,1
41705,0
29294,0
188320,0
73623,1
136857,0
78288,0
167640,1
144445,0
97240,0
112247,1
45559,0
9923,0
103426,1
57990,0
186482,0
158938,1
191297,1
12542,0
148959,1
134566,0
27569,0
184978,1
174453,1
118129,1
151679,1
31985,1
117383,0
49656,0
116539,0
127311,0
24849,1
69578,1
17646,0
50744,0
79399,0
45071,1
145991,1
146900,1
22087,1
66337,0
92947,1
50632,0
97842,1
122258,0
96736,0
93558,0
139183,0
20962,1
151934,1
65360,1
144435,0
101432,0
86480,0
163687,0
96156,1
131600,0
114873,0
135586,0
162535,0
64563,0
162544,1
4315,0
184480,0
38392,1
22557,0
56585,1
1819,0
124694,1
84940,1
91005,0
94951,1
116739,0
38025,1
32622,1
95406,1
104902,1
144584,1
23028,1
48365,0
18581,1
120734,1
175384,0
92806,0
29345,1
3414,0
61421,0
86256,1
89354,0
171740,1
112970,1
17313,1
137915,0
177227,0
66745,1
131602,0
37291,1
182331,0
18757,1
36734,1
79974,1
173200,0
39617,0
24482,0
181941,1
15566,1
131079,0
35346,1
17921,0
96077,1
41,0
11500,0
182495,1
88516,1
412,1
128927,0
185778,0
5354,0
138653,0
102372,1
87395,0
53004,0
74885,0
35067,0
127265,0
190552,0
160204,1
92244,1
28292,1
109533,0
183160,1
104248,0
150282,0
54392,0
119635,0
51563,0
135864,1
49697,1
140169,1
167272,1
186582,0
23459,0
128451,0
132252,1
24388,0
124328,0
64747,0
14898,0
84974,0
190769,0
136999,0
116215,1
114360,1
26884,0
84599,1
183954,0
58553,0
12231,0
16329,0
93834,0
159,1
28072,1
149107,0
154773,1
22188,1
124904,0
161815,1
71404,0
66625,1
186779,1
111316,1
65984,1
128453,0
168032,1
27634,0
170171,1
54502,0
13970,1
164593,1
542,0
13175,1
69537,1
76781,0
145098,0
169280,0
26256,0
39289,1
179377,0
54890,0
55534,0
32843,1
67413,1
142297,1
147430,1
162492,1
185304,0
10502,0
96727,1
175847,0
103290,1
1477,0
36013,1
170590,0
95655,1
71357,1
14808,0
115833,1
35306,0
95548,0
181409,0
81742,0
144726,0
38707,1
188795,0
21353,1
111833,0
76125,1
41089,1
123819,0
107143,0
73786,1
136049,1
52677,0
147175,1
144305,0
185514,1
188367,0
4194,0
170457,1
3885,1
89460,1
142089,0
99334,0
10211,0
85890,1
138924,0
32404,0
31773,0
3009,1
16395,1
20031,0
182093,1
93179,1
156780,0
16787,1
83036,1
154263,1
65915,1
53039,1
160401,0
72471,0
125097,1
121251,0
87737,1
106916,1
135060,1
13608,0
1034,0
183645,0
3252,0
191487,1
98046,1
157298,0
176932,0
79906,1
189675,0
14009,0
34881,0
10703,1
133285,1
115430,0
92332,0
81029,1
122279,0
28976,1
137191,1
150442,1
21487,0
118367,0
65426,0
87505,1
118286,1
8585,1
122404,1
109025,0
113753,1
34788,1
2466,1
186830,1
2935,1
101947,1
70236,1
100108,0
102076,0
30030,1
169224,1
120366,0
186061,1
2242,0
61626,0
109427,0
100886,1
32719,0
16291,1
83220,0
11237,0
187195,1
93538,1
95271,0
155036,0
81730,1
45510,0
149991,0
47853,1
11978,1
20133,1
158991,0
24181,0
41000,1
126396,0
7515,1
86270,1
97699,1
127166,0
91787,1
45457,0
105429,0
70524,1
38035,0
52452,0
176862,1
58991,1
141554,1
123694,1
184018,0
79628,1
99420,1
9876,0
85671,1
72801,1
160694,1
177315,0
191445,1
138963,1
111606,1
63376,1
175092,0
557,0
6185,1
109909,1
19908,0
132145,0
153681,0
140204,0
111638,0
111391,0
89039,1
172176,1
8085,1
101209,0
45696,1
45010,0
126184,0
163861,1
66982,0
6169,0
62722,0
77621,1
138748,0
125077,1
101143,1
9780,1
3811,0
137833,0
86587,0
61338,0
62384,0
103591,0
191127,0
1048,1
41932,0
122689,0
146862,1
182230,0
12779,0
148022,1
10906,1
19864,1
30454,0
89318,0
66256,1
109574,1
80153,1
181075,1
105761,1
12171,0
109848,1
39826,1
60417,1
188155,1
23430,1
154499,1
106492,0
9641,1
34306,1
3641,0
142967,1
55224,1
160472,0
98964,0
36887,1
130061,0
100367,0
78323,1
40193,0
91296,0
75115,0
109662,1
47569,0
90350,0
84033,0
163765,1
34068,0
41839,0
137851,1
110425,0
21602,0
101335,0
100509,0
90714,0
90888,1
50715,1
24432,0
112922,1
117737,0
57151,0
50224,0
162803,0
31959,0
21711,0
71967,0
180124,1
126333,0
183393,1
23003,1
83650,1
66479,1
4532,1
191129,0
13288,0
28796,0
164981,0
81347,0
160358,1
11827,1
19623,0
10420,0
132366,0
123763,0
19581,1
151828,1
165544,1
86202,0
167566,1
139929,0
155602,0
42337,1
38425,0
5327,0
60861,1
126013,1
161341,0
2027,0
78380,1
24753,0
150281,0
98617,1
157427,0
159528,0
81045,0
31461,1
149886,1
64430,1
135773,0
38820,1
178320,0
26223,1
163894,1
186506,1
86580,1
87167,1
154946,0
67802,1
80802,1
154469,0
41068,0
183460,0
116998,1
76585,1
29109,0
24028,0
106366,1
47616,0
31313,0
1986,0
172887,0
30780,0
2651,1
8809,1
117115,0
145275,1
55552,1
167134,0
143559,1
113421,1
171367,1
174760,1
53859,1
169531,0
148918,1
121634,0
83990,0
61117,1
45509,0
7238,0
97538,0
75522,0
52881,0
11011,1
114234,1
132767,0
3886,1
166760,1
176948,0
160986,0
171064,0
161097,1
22132,1
176176,0
31752,1
76584,1
148160,1
69421,1
177737,0
27425,1
86418,1
111023,0
168441,0
79868,0
60127,1
144577,1
172567,0
29185,0
80675,1
41191,1
74523,1
95951,0
119915,1
48012,0
161014,0
98575,0
46669,0
155397,0
59703,1
132609,1
37531,0
149117,0
83959,1
119446,0
9202,0
136645,0
142260,0
135016,0
167462,0
69898,0
100134,1
139904,1
72747,1
187639,1
32538,0
182332,0
63216,0
94881,0
10398,1
69653,0
10527,1
91630,0
189315,0
157656,0
188457,1
106109,0
96348,1
76749,0
125277,1
190795,1
143218,0
143406,1
6845,1
52236,1
90110,1
8891,0
18910,0
103225,0
124315,1
123287,1
33295,0
37144,0
114645,0
174182,0
186067,0
45635,0
188911,0
160911,0
61282,1
51881,1
185024,1
101155,0
123755,0
103535,1
132522,1
121969,1
120456,0
97933,0
62362,1
95561,1
99861,1
128003,1
20075,1
101584,1
102474,0
149778,0
79185,1
35723,1
51617,1
135015,1
153883,0
166496,1
150904,0
91719,1
164894,1
171993,1
55953,1
73058,0
115537,1
106867,1
54732,1
188054,0
85595,0
181746,0
187142,1
142537,0
137134,0
68552,0
138317,1
67147,1
44679,1
83765,0
188313,0
72726,0
129859,1
122039,0
96606,1
152621,0
190342,1
39217,1
148556,1
169914,0
91932,0
52547,0
14406,1
186925,1
176671,1
156576,1
148998,0
13738,0
152990,0
26612,1
11399,1
42262,0
66393,1
166528,0
162974,1
153131,0
66545,0
162814,1
165379,0
176047,0
186844,1
133358,1
67228,1
41221,1
173193,1
26879,0
122419,1
138107,1
138307,0
32604,1
9348,0
24104,0
62901,1
146405,1
165513,1
166521,0
137928,1
102827,0
181619,0
171455,1
89738,0
25593,0
189357,1
114000,1
140652,1
158153,1
49743,0
9851,0
33356,1
162952,0
140699,1
44303,1
173391,0
603,1
100553,0
2081,1
119441,1
93809,1
28570,0
166324,1
84994,1
132726,1
146102,1
146752,1
94538,1
104543,1
128338,1
103687,0
61438,0
103857,1
162169,1
72820,1
126895,0
116985,0
70737,0
47810,0
144089,0
2291,1
102503,1
10891,0
25487,1
103485,0
35456,1
189219,1
86803,0
28941,1
145540,1
161743,0
133872,1
150091,0
191493,0
28353,0
129428,0
150177,0
139270,1
125651,0
130426,0
6532,1
160334,1
20156,1
174976,1
94660,1
62899,0
121979,1
96005,0
32857,0
29258,0
62239,0
82634,0
171756,0
161593,0
105164,0
169924,0
117922,0
111061,1
93999,0
16435,0
139062,0
15756,1
130234,0
100447,0
77799,1
13581,1
159065,0
52990,1
95080,0
117552,1
191254,0
123798,1
181488,1
41482,0
25454,0
163757,1
154745,0
61191,0
107430,1
64162,1
121654,1
62688,1
67541,1
93628,0
55095,0
59681,1
146085,1
171397,0
2798,0
25375,1
90694,1
85204,1
177739,0
187847,0
84837,0
154122,0
105650,0
167978,0
13939,1
16562,0
152119,1
139171,1
51467,1
141605,0
5556,0
84234,1
162677,1
93661,0
170834,0
123132,0
146990,0
48876,0
110084,0
106998,0
33077,1
120805,1
72416,1
162781,1
158896,0
182871,1
188585,1
2365,1
60660,0
115900,0
173354,1
143589,0
116504,1
128970,0
120265,1
27690,0
135978,0
174758,0
108447,1
125475,1
189453,0
89723,0
60090,1
73045,1
69506,1
160851,1
160483,0
43237,1
188996,0
170032,1
182112,1
176245,0
183893,1
70122,0
177900,1
174039,1
56785,1
113849,1
161023,0
185663,0
56944,1
91688,0
20130,1
35328,0
38186,0
15350,0
167732,1
62928,1
117859,0
167039,0
70075,0
86205,0
10227,0
7411,1
8121,0
15800,1
91887,1
55489,1
22475,1
47353,1
77362,1
7116,1
153834,1
44499,1
104968,0
5467,0
35267,1
152699,1
172527,0
57304,1
37646,1
33346,1
117092,0
152487,0
177460,0
81350,0
86017,1
184988,1
96040,1
46652,0
131424,1
25788,0
15017,1
79615,1
42509,0
99298,1
92827,1
94799,1
10709,0
36590,0
85922,1
173665,1
29724,1
18609,0
147641,0
4729,1
35046,0
183403,1
158952,0
107192,1
148189,0
156835,0
96039,1
59142,0
158980,1
182466,1
804,0
10047,1
55270,1
143549,0
101693,1
130191,0
179946,0
120128,0
111827,0
144850,1
64388,1
167582,1
160444,1
118039,0
145769,1
110093,0
177613,1
88652,0
78491,0
176684,0
44351,1
146263,1
115083,0
180950,0
154576,1
149777,1
154519,1
36395,0
144970,0
102390,1
25387,1
115312,1
162649,0
110281,0
185957,1
56722,0
68233,0
7389,1
185593,0
24521,0
14790,1
20500,1
47755,0
185216,0
105146,0
44783,1
43798,0
107205,1
26356,0
176038,0
185149,1
171508,0
23735,0
138379,0
683,0
150389,1
54616,0
157260,1
1765,1
133743,1
5302,0
183670,0
46619,1
114891,1
78078,0
68716,0
165719,0
174938,1
82371,0
61139,0
82206,0
50666,0
158958,0
142594,0
120608,0
49969,1
20407,0
14930,0
27232,0
181334,1
138743,0
167976,1
103543,0
171276,1
77345,0
89100,1
162208,0
45423,0
59610,0
181085,1
160156,1
162598,1
89630,0
40664,0
144226,1
165627,1
122401,0
140347,0
57819,1
190840,1
54195,0
2153,1
21133,0
102988,1
148199,1
139680,1
13949,1
82248,0
148867,1
133892,1
55553,0
72193,1
160608,1
20922,1
180147,1
93311,1
56485,1
49631,0
114069,0
155819,0
185308,0
96114,0
64062,0
114693,1
113267,0
103238,0
100411,0
168546,1
54671,1
104140,0
183747,0
41468,0
110292,0
149680,1
91649,1
61598,0
47860,1
163200,0
79181,1
145033,1
54428,1
187926,0
177085,1
82865,1
27767,1
5915,0
124940,1
102605,0
191687,0
118344,1
3325,0
12801,0
114760,1
58290,1
190326,1
9209,0
171763,0
8714,1
49117,0
7776,1
180938,1
158517,0
189934,0
52630,1
149474,0
68147,1
127855,1
35043,0
121290,1
137256,0
145387,1
7508,1
84525,1
52960,1
85797,0
62608,0
87771,0
137553,1
54395,0
182440,0
128920,1
15225,0
154007,1
21480,1
87775,0
176377,1
165753,1
76900,1
132461,0
98490,0
55115,0
171227,0
99564,1
162179,1
155729,1
109531,1
27202,0
45758,0
152745,0
125352,0
67025,1
176697,1
18133,0
84768,0
90727,1
45503,1
181547,0
57039,1
47880,0
75703,0
122543,1
107262,1
167782,0
155620,1
118940,0
12812,0
144638,0
106598,0
22692,0
43542,0
161116,1
116951,1
90795,0
65582,1
146202,1
1646,0
83145,1
15766,1
80723,1
135383,1
146742,1
45656,0
130089,0
17199,1
66847,1
60657,1
44941,0
103728,0
29450,1
130537,0
81563,1
98437,0
69083,0
122178,0
168819,0
130050,1
63625,1
15163,1
167667,1
12785,0
31916,1
66882,1
190859,1
56121,0
165440,1
128618,1
17998,1
160748,1
50097,0
56407,0
45356,0
49093,1
87174,1
16423,1
191663,0
122423,0
29687,1
98147,0
25769,0
64166,0
12062,1
128857,0
165708,0
69822,1
102122,0
66861,0
52787,0
39115,0
64866,0
175575,1
149078,0
134020,0
92760,0
189200,1
127986,1
45258,0
81270,0
91779,0
105484,0
98374,1
59427,0
32812,1
156651,1
33762,0
71968,0
25374,0
85610,0
130789,1
95083,1
36837,1
171555,1
144692,0
48626,1
164912,1
117358,0
40565,0
81156,0
152509,1
80652,0
113783,1
147391,1
46955,1
18585,1
176833,1
99579,1
77558,1
186579,1
117882,1
188185,1
183013,0
55302,1
187206,0
171603,1
81676,0
102222,0
31148,0
133886,1
13017,1
104215,1
130700,1
94921,1
58105,1
1656,1
169338,1
81170,1
135930,0
108379,1
89592,1
158935,0
24332,1
122204,1
56816,0
12420,1
101924,1
25571,0
17886,0
144034,0
116008,1
10454,0
154860,1
88733,0
171950,1
141861,0
158808,1
64145,1
57996,0
86083,0
27896,1
25709,0
153689,0
152957,1
163060,0
69850,1
86110,0
92859,1
153357,1
46342,1
148876,1
113279,1
76092,1
147956,1
36190,0
21738,1
59851,0
106161,1
78968,0
187387,0
15044,1
85813,1
131772,0
56120,0
62499,0
128922,1
76768,1
91159,1
60524,1
103329,1
160701,1
178551,1
77060,0
68628,1
34632,1
89421,1
133505,1
25277,0
97063,1
27267,0
133256,1
45163,0
15235,0
42068,0
183725,1
1396,1
149598,0
154489,1
51696,1
126091,1
101332,1
702,1
138733,0
165048,0
137236,1
119038,0
113906,1
139240,1
138325,0
98785,1
104202,0
146341,0
157904,0
48137,1
68881,1
91101,0
91384,1
18104,1
52954,1
123750,0
133004,1
78753,0
188893,0
168165,0
32336,1
9912,1
166899,1
151317,1
92253,0
25641,1
114098,1
67354,1
152641,1
175333,1
83616,1
65414,0
62180,1
38070,0
149506,1
112030,0
151203,1
19669,1
18559,0
56845,0
113116,0
27890,1
123984,0
16670,0
73293,0
38677,1
148032,1
52592,0
98015,0
65999,1
46661,1
36227,1
64581,1
147855,1
5864,0
52159,1
54071,0
6527,1
12257,0
174146,1
110535,0
131845,0
169368,1
28238,0
114177,0
48048,0
57022,0
112686,1
37299,1
100652,1
83960,1
153777,1
45366,0
92233,0
35027,1
64201,1
93719,0
14907,0
32864,0
122976,1
74614,0
12524,1
171420,0
69642,0
93966,0
188281,0
3628,1
142478,0
160335,1
156350,1
136136,1
134319,0
170864,1
122946,1
49692,1
45824,0
46340,1
104487,1
115626,0
44828,0
13806,0
67658,1
131339,0
83151,1
151362,1
60940,1
23292,1
27944,0
27998,1
84916,0
107405,0
92830,1
105180,0
41614,0
68347,1
52261,0
64419,1
114032,1
108215,1
56072,0
160863,0
24839,0
108254,1
29836,0
12515,0
184492,0
145706,1
62745,1
119982,1
118931,1
188668,0
84379,1
129485,1
87621,0
87939,1
6292,1
325,0
50680,1
140141,0
175535,0
178949,0
124528,0
2997,0
118484,1
122611,1
1652,0
90480,1
24711,0
113413,0
103613,0
33680,1
150818,0
168547,1
20025,1
52996,0
88056,1
173326,0
185213,0
110509,1
74861,1
66953,1
5038,1
130407,0
57162,0
34763,1
35922,0
65946,1
41731,1
18167,1
29112,1
100585,1
80687,0
132286,0
84116,1
186271,0
176687,0
145521,1
14486,0
132054,0
65504,0
93086,0
8637,0
143349,1
82835,0
77605,1
136236,1
88479,0
107379,1
178377,0
35657,1
35476,1
276,0
179718,0
54530,1
158753,0
38642,1
121571,0
1818,0
123452,0
78243,1
62270,0
25155,1
5613,0
153067,1
179330,1
18534,0
14608,0
48075,1
162511,1
161826,1
149318,1
23688,1
101615,1
166866,0
131751,1
162755,1
22989,0
44696,0
104367,0
18049,0
88189,1
114803,1
29331,1
94944,1
18839,0
90875,1
62699,0
30665,1
65907,0
90031,0
181655,0
165559,0
157707,1
126099,1
6014,0
39014,1
73387,0
167470,0
160293,1
55556,1
171607,1
50366,0
22655,1
111227,1
109473,1
122410,1
71347,1
190281,1
48629,1
88277,0
24037,0
28281,0
36460,0
168242,1
62111,0
44911,0
122850,0
836,1
103260,0
2396,1
20595,0
139926,0
171083,0
82588,1
29427,0
30117,0
151195,0
109330,1
143794,1
88535,1
33971,0
42417,1
162796,0
24902,0
77476,1
87077,1
184140,0
140053,1
11731,1
60526,0
93894,0
115262,1
13825,1
46358,0
147386,1
92087,0
64141,1
115836,1
152537,0
162501,0
82119,0
160970,0
99809,0
17511,1
130024,1
9179,1
126681,1
78058,1
175298,0
20194,1
149368,1
50905,0
142691,0
147362,1
50573,0
156453,1
184289,1
163446,0
9084,1
105439,0
120509,0
138131,1
40317,1
133664,1
5497,0
12998,0
97838,1
81893,0
114141,0
137900,0
49859,1
50081,1
156141,1
182747,1
120135,0
93713,1
27792,1
153527,1
107242,0
61972,0
113312,0
162254,0
172552,0
158053,1
187140,1
65656,0
78659,1
165287,0
96849,0
131814,1
83700,1
164953,1
154508,1
49694,0
16861,1
397,0
181224,0
154954,0
58573,0
134677,0
67900,1
190226,1
182029,1
24871,0
178275,0
173777,0
145848,0
57092,1
73685,1
128724,1
80903,1
89914,0
152737,1
187624,0
118847,1
91507,1
140592,0
127339,1
91467,0
32096,1
21375,1
116053,1
154805,0
145118,1
130331,0
168225,1
63200,0
158828,0
50495,1
152461,1
111507,1
100472,1
107880,0
168275,0
189644,1
57669,0
170646,1
107938,1
11543,1
144339,0
163771,0
57784,1
110858,0
7691,1
143714,0
6325,0
190177,0
44394,1
93824,1
64208,0
96729,0
60452,1
151021,0
36282,0
122363,0
58049,1
50892,0
141736,0
155103,1
93184,1
20464,0
67721,0
99612,1
92453,0
78778,1
154618,0
113502,1
159417,0
156618,1
52549,1
126840,0
40981,1
92863,1
106384,0
79626,1
93923,0
20994,0
177282,0
68440,1
165432,1
107427,0
5374,0
160471,1
2170,0
172784,0
7563,0
166794,1
177985,0
176253,1
167645,1
185901,1
120203,0
101596,0
106963,0
149792,0
190247,1
8310,1
83397,0
60477,1
94479,0
132956,1
101058,1
61483,1
9515,0
77116,0
171612,0
56255,0
155628,1
161846,0
71977,0
139074,1
146500,0
44105,1
154004,0
107560,0
127584,1
174568,1
72452,0
19885,1
99787,0
99328,1
120725,0
23404,1
123438,1
177367,0
125121,1
174907,1
181621,1
81649,1
172288,1
186965,1
38841,1
148544,1
44240,1
28718,1
147916,0
4081,0
32394,0
74809,1
3953,0
191316,0
23451,0
65080,0
146049,0
90481,0
150970,1
60104,1
85022,0
60265,1
169126,1
141239,0
63643,0
147484,0
100119,0
56860,1
1074,0
166832,0
9771,1
107630,1
119848,1
190410,1
111798,0
148174,0
180050,1
159891,1
107163,1
91042,0
143324,1
68462,1
166356,0
183940,0
129653,0
145309,0
97741,1
178264,1
8152,1
101157,0
191164,1
66265,1
19071,1
74247,1
62393,0
15361,1
171126,1
41512,1
102093,1
149569,1
38562,1
147617,1
10455,1
95096,1
183587,1
107020,0
14010,1
156997,1
186580,1
41332,0
12126,1
18066,1
539,1
121111,1
169988,1
166353,1
183421,0
43781,1
102973,1
100691,0
168799,0
148950,0
62094,0
141442,0
60372,1
7701,0
25352,0
65565,0
17782,1
62166,0
58955,1
164997,1
186218,1
134739,1
173882,1
86285,0
27222,1
32219,0
113556,0
12734,0
120045,0
80773,0
74856,1
145123,1
161229,0
67495,0
57233,1
113601,1
32103,0
68503,0
93161,0
5180,0
49521,1
61750,0
99410,1
170977,1
165368,1
137298,1
162937,1
101303,1
150546,1
155604,1
86766,0
44154,1
26317,0
36774,1
144216,1
189177,0
23486,1
78706,1
12973,0
187836,0
182160,0
77865,1
71814,0
55624,1
168580,1
125803,1
171302,1
12350,1
86939,0
70946,0
155565,0
190434,1
149173,1
26220,1
11654,0
2596,0
52793,0
63288,0
88116,1
179439,1
48134,0
143222,0
141573,1
134570,0
132980,1
63648,0
155330,0
78284,0
81659,0
111719,0
5510,0
76613,0
15695,1
148911,1
165928,1
92472,0
77161,0
137784,1
38414,1
38554,1
166511,1
137165,1
99159,0
172464,1
89813,1
179498,1
9592,1
85579,1
147960,0
85654,0
114204,0
3227,0
60121,0
114586,0
91845,0
82219,1
139363,0
72191,0
132762,1
85003,0
37489,0
138632,0
116679,1
148453,0
57432,0
18089,1
64719,1
133360,0
90947,1
84244,1
20334,0
22053,1
157574,1
143177,0
51633,0
97941,1
20167,0
94779,0
42154,0
109429,1
27968,0
125417,0
165325,0
97066,1
186162,1
162213,0
67936,1
19510,1
112647,1
17590,1
43604,0
177394,0
24150,0
186979,1
155653,1
131443,1
86593,0
33526,0
174209,0
77439,0
63790,0
164545,1
126213,0
44362,1
176300,0
187691,1
53793,0
72426,1
131064,1
78145,0
171945,1
187111,1
15700,1
151961,0
93391,1
153895,0
53775,1
29693,0
4211,0
162556,1
37697,1
177487,1
168549,0
82576,0
99139,0
107710,1
122271,1
129822,0
131979,1
57253,1
27264,1
82473,0
50360,1
66652,1
49404,0
84483,0
83173,1
150305,0
36871,0
144309,0
154858,1
183557,0
126612,0
149560,1
89626,0
129766,0
105715,0
165911,1
109090,0
21702,1
28883,1
155426,0
24896,0
151207,1
136905,0
130671,1
90899,0
59417,1
159754,0
134169,1
190808,0
145434,0
79627,1
135649,1
139081,0
23699,1
70941,1
116394,0
68613,0
23740,0
180991,0
148969,0
169589,1
135310,1
97513,1
144990,0
145911,1
108986,1
140904,1
18610,1
53367,0
70567,0
184729,1
129893,1
58850,0
24940,1
162177,0
148132,1
81065,0
187502,0
28826,1
45305,1
67524,1
150498,1
101136,1
154311,1
182319,0
72596,1
94397,1
69481,0
11324,0
21762,0
117220,1
80335,0
156393,1
87002,1
156685,1
170588,0
143117,1
15513,0
137411,0
108438,0
34909,0
180246,1
95945,0
190777,1
74853,1
86444,0
145488,1
156462,0
66262,0
25029,0
32934,1
76936,0
42238,0
29090,0
143202,1
43302,0
93649,0
101114,1
112217,0
45166,0
129945,0
30855,0
183881,1
20508,0
128779,0
3636,0
107894,0
156877,1
18917,1
115391,0
160349,0
51057,1
153319,1
187904,0
66582,0
147010,1
105371,1
91756,1
7710,0
182615,0
163592,1
127724,1
137056,0
60390,0
48642,0
3864,1
52371,0
191671,1
26406,1
38011,0
61874,0
54438,1
122194,1
106603,1
123603,0
65406,0
